Tanggal dan Waktu,Debit
2026-10-01 16:00:00,43.173333333333325
2026-10-01 17:00:00,42.68
2026-10-01 18:00:00,43.17333333333334
2026-10-01 19:00:00,43.48166666666666
2026-10-01 20:00:00,42.56166666666667
2026-10-01 21:00:00,41.77
2026-10-01 22:00:00,41.410000000000004
2026-10-01 23:00:00,41.59
2026-10-02 00:00:00,41.59
2026-10-02 01:00:00,41.95
2026-10-02 02:00:00,41.830000000000005
2026-10-02 03:00:00,41.650000000000006
2026-10-02 04:00:00,41.59
2026-10-02 05:00:00,41.59
2026-10-02 06:00:00,41.35
2026-10-02 07:00:00,41.17166666666666
2026-10-02 08:00:00,40.88
2026-10-02 09:00:00,40.52
2026-10-02 10:00:00,40.345000000000006
2026-10-02 11:00:00,40.28666666666667
2026-10-02 12:00:00,40.17
2026-10-02 13:00:00,40.22833333333333
2026-10-02 14:00:00,40.52
2026-10-02 15:00:00,40.76
2026-10-02 16:00:00,42.085
2026-10-02 17:00:00,46.403333333333336
2026-10-02 18:00:00,49.23333333333333
2026-10-02 19:00:00,49.64000000000001
2026-10-02 20:00:00,49.298333333333325
2026-10-02 21:00:00,49.16333333333333
2026-10-02 22:00:00,48.830000000000005
2026-10-02 23:00:00,48.29666666666666
2026-10-03 00:00:00,47.69833333333333
2026-10-03 01:00:00,46.915
2026-10-03 02:00:00,46.004999999999995
2026-10-03 03:00:00,44.919999999999995
2026-10-03 04:00:00,43.79333333333333
2026-10-03 05:00:00,42.92666666666667
2026-10-03 06:00:00,42.135
2026-10-03 07:00:00,41.59
2026-10-03 08:00:00,41.11333333333334
2026-10-03 09:00:00,41.175000000000004
2026-10-03 10:00:00,41.89000000000001
2026-10-03 11:00:00,41.89000000000001
2026-10-03 12:00:00,41.410000000000004
2026-10-03 13:00:00,41.17166666666666
2026-10-03 14:00:00,40.93833333333333
2026-10-03 15:00:00,41.17166666666666
2026-10-03 16:00:00,41.23
2026-10-03 17:00:00,41.11333333333334
2026-10-03 18:00:00,40.7
2026-10-03 19:00:00,40.22833333333333
2026-10-03 20:00:00,39.87833333333334
2026-10-03 21:00:00,39.76166666666666
2026-10-03 22:00:00,39.236666666666665
2026-10-03 23:00:00,39.12
2026-10-04 00:00:00,38.949999999999996
2026-10-04 01:00:00,38.553333333333335
2026-10-04 02:00:00,38.156666666666666
2026-10-04 03:00:00,37.70333333333333
2026-10-04 04:00:00,37.365
2026-10-04 05:00:00,37.09
2026-10-04 06:00:00,37.09
2026-10-04 07:00:00,36.98
2026-10-04 08:00:00,36.705
2026-10-04 09:00:00,36.43
2026-10-04 10:00:00,36.265
2026-10-04 11:00:00,36.1
2026-10-04 12:00:00,36.1
2026-10-04 13:00:00,36.1
2026-10-04 14:00:00,36.1
2026-10-04 15:00:00,37.151666666666664
2026-10-04 16:00:00,40.65
2026-10-04 17:00:00,45.12166666666667
2026-10-04 18:00:00,48.165
2026-10-04 19:00:00,48.096666666666664
2026-10-04 20:00:00,49.708333333333336
2026-10-04 21:00:00,52.754999999999995
2026-10-04 22:00:00,54.178333333333335
2026-10-04 23:00:00,53.10833333333333
2026-10-05 00:00:00,51.00666666666667
2026-10-05 01:00:00,48.36666666666667
2026-10-05 02:00:00,45.879999999999995
2026-10-05 03:00:00,43.669999999999995
2026-10-05 04:00:00,42.075
2026-10-05 05:00:00,40.876666666666665
2026-10-05 06:00:00,39.82
2026-10-05 07:00:00,39.12166666666666
2026-10-05 08:00:00,38.553333333333335
2026-10-05 09:00:00,37.93
2026-10-05 10:00:00,37.53333333333333
2026-10-05 11:00:00,36.98
2026-10-05 12:00:00,36.65
2026-10-05 13:00:00,36.54
2026-10-05 14:00:00,37.31166666666667
2026-10-05 15:00:00,40.88166666666667
2026-10-05 16:00:00,66.42
2026-10-05 17:00:00,90.49666666666667
2026-10-05 18:00:00,92.12666666666667
2026-10-05 19:00:00,92.43666666666667
2026-10-05 20:00:00,92.43666666666667
2026-10-05 21:00:00,89.265
2026-10-05 22:00:00,83.61833333333333
2026-10-05 23:00:00,77.30333333333333
2026-10-06 00:00:00,71.05499999999999
2026-10-06 01:00:00,65.65333333333334
2026-10-06 02:00:00,61.24333333333333
2026-10-06 03:00:00,57.78666666666666
2026-10-06 04:00:00,55.12166666666667
2026-10-06 05:00:00,53.175000000000004
2026-10-06 06:00:00,52.96
2026-10-06 07:00:00,52.60999999999999
2026-10-06 08:00:00,51.49166666666667
2026-10-06 09:00:00,50.248333333333335
2026-10-06 10:00:00,49.09833333333333
2026-10-06 11:00:00,48.163333333333334
2026-10-06 12:00:00,47.76333333333334
2026-10-06 13:00:00,46.98
2026-10-06 14:00:00,46.46
2026-10-06 15:00:00,46.135
2026-10-06 16:00:00,45.94
2026-10-06 17:00:00,45.04666666666666
2026-10-06 18:00:00,44.105
2026-10-06 19:00:00,43.48166666666666
2026-10-06 20:00:00,43.73
2026-10-06 21:00:00,43.855
2026-10-06 22:00:00,43.050000000000004
2026-10-06 23:00:00,42.135
2026-10-07 00:00:00,41.650000000000006
2026-10-07 01:00:00,41.29
2026-10-07 02:00:00,40.82
2026-10-07 03:00:00,40.461666666666666
2026-10-07 04:00:00,40.17
2026-10-07 05:00:00,39.76166666666666
2026-10-07 06:00:00,39.47
2026-10-07 07:00:00,39.236666666666665
2026-10-07 08:00:00,38.89333333333334
2026-10-07 09:00:00,38.723333333333336
2026-10-07 10:00:00,38.49666666666666
2026-10-07 11:00:00,38.27
2026-10-07 12:00:00,38.1
2026-10-07 13:00:00,37.93
2026-10-07 14:00:00,38.44
2026-10-07 15:00:00,38.723333333333336
2026-10-07 16:00:00,38.78
2026-10-07 17:00:00,38.61
2026-10-07 18:00:00,38.44
2026-10-07 19:00:00,39.23833333333334
2026-10-07 20:00:00,39.645
2026-10-07 21:00:00,38.78
2026-10-07 22:00:00,38.21333333333333
2026-10-07 23:00:00,37.93
2026-10-08 00:00:00,38.1
2026-10-08 01:00:00,38.1
2026-10-08 02:00:00,38.04333333333333
2026-10-08 03:00:00,37.81666666666666
2026-10-08 04:00:00,37.76
2026-10-08 05:00:00,37.47666666666667
2026-10-08 06:00:00,37.145
2026-10-08 07:00:00,36.87
2026-10-08 08:00:00,36.76
2026-10-08 09:00:00,36.43
2026-10-08 10:00:00,36.876666666666665
2026-10-08 11:00:00,42.52166666666667
2026-10-08 12:00:00,45.75333333333333
2026-10-08 13:00:00,47.30500000000001
2026-10-08 14:00:00,45.26333333333333
2026-10-08 15:00:00,40.17666666666667
2026-10-08 16:00:00,37.64833333333333
