Waktu Prediksi WIB,Prediksi Debit (m3/s)
2026-10-01 20:00:00,43.34
2026-10-01 21:00:00,43.22
2026-10-01 22:00:00,43.28
2026-10-01 23:00:00,43.53
2026-10-02 00:00:00,43.93
2026-10-02 01:00:00,44.43
2026-10-02 02:00:00,45.03
2026-10-02 03:00:00,45.68
2026-10-02 04:00:00,46.36
2026-10-02 05:00:00,47.07
2026-10-02 06:00:00,47.75
2026-10-02 07:00:00,48.45
2026-10-02 08:00:00,49.12
2026-10-02 09:00:00,49.79
2026-10-02 10:00:00,50.44
2026-10-02 11:00:00,51.08
2026-10-02 12:00:00,51.65
2026-10-02 13:00:00,52.2
2026-10-02 14:00:00,52.68
2026-10-02 15:00:00,53.08
2026-10-02 16:00:00,53.44
2026-10-02 17:00:00,53.75
2026-10-02 18:00:00,54.1
2026-10-02 19:00:00,54.48
