Waktu Prediksi WIB,Prediksi Debit (m3/s),Model
2026-10-08 17:00:00,37.12,ARX_Iterative_Rolling
2026-10-08 18:00:00,37.12,ARX_Iterative_Rolling
2026-10-08 19:00:00,37.57,ARX_Iterative_Rolling
2026-10-08 20:00:00,38.44,ARX_Iterative_Rolling
2026-10-08 21:00:00,39.71,ARX_Iterative_Rolling
2026-10-08 22:00:00,41.09,ARX_Iterative_Rolling
2026-10-08 23:00:00,42.48,ARX_Iterative_Rolling
2026-10-09 00:00:00,43.79,ARX_Iterative_Rolling
2026-10-09 01:00:00,45.03,ARX_Iterative_Rolling
2026-10-09 02:00:00,46.09,ARX_Iterative_Rolling
2026-10-09 03:00:00,47.03,ARX_Iterative_Rolling
2026-10-09 04:00:00,47.85,ARX_Iterative_Rolling
2026-10-09 05:00:00,48.46,ARX_Iterative_Rolling
2026-10-09 06:00:00,49.12,ARX_Iterative_Rolling
2026-10-09 07:00:00,49.52,ARX_Iterative_Rolling
2026-10-09 08:00:00,49.89,ARX_Iterative_Rolling
2026-10-09 09:00:00,50.23,ARX_Iterative_Rolling
2026-10-09 10:00:00,50.49,ARX_Iterative_Rolling
2026-10-09 11:00:00,50.99,ARX_Iterative_Rolling
2026-10-09 12:00:00,51.51,ARX_Iterative_Rolling
2026-10-09 13:00:00,51.87,ARX_Iterative_Rolling
2026-10-09 14:00:00,52.1,ARX_Iterative_Rolling
2026-10-09 15:00:00,52.08,ARX_Iterative_Rolling
2026-10-09 16:00:00,52.11,ARX_Iterative_Rolling
